,tweets,user_name,location,geo
0,If another COVID wave hits NYC I'm strongly considering shaving my head. Truly hoping that doesn't happen... But if‚Ä¶ https://t.co/CeowSzkxCl,andreachasee,,
1,"@FLOTUS @WhiteHouse Knockoff Handbag maker for a daughter and pretentious decorating hack for a ""wife"". Donald is s‚Ä¶ https://t.co/RJrFfcEZMp",creature4hire,centre of the universe,
2,‚ÄúEl pueblo de Venezuela contin√∫a sufriendo opresi√≥n pol√≠tica y privaci√≥n econ√≥mica a manos del r√©gimen de Nicol√°s M‚Ä¶ https://t.co/zaLaUP0yPl,FranPelayo,"Washington, DC",
3,Arthur no vol reincorporar-se al Bar√ßa https://t.co/Xzi1mrIeU0 via @diariARA,sergihuete,Sant Sadurn√≠ d'Anoia,
4,"@JMcallister2000 I used to love birthdays. Due to covid, I just really cba for the first time ever this year.",chibs9105,"Leamington Spa, England",
5,@CNNBrasil Alexandre Garcia acabou de dizer que bolsonaro recuperou da covid e tr√™s dias! O presidente est√° com cov‚Ä¶ https://t.co/te3mFHVZva,Marcelosilvajc,Aragua√≠na-TO,
6,@RepDennyHeck U can refuse a return to work offer - for good cause.  What is questionable is if being at-risk for C‚Ä¶ https://t.co/vj6S1l3LET,JohnRob64076796,,
7,"minha m√£e fez o teste do covid e disse que testou positivo, vamos l√°, pois eu tive contato com ela e to me sentindo mal",giuzinha__,"Bonsucesso, Rio de Janeiro",
8,restarted my laptop so i can do my mandatory covid training before going back to school and it says 30 minutes rema‚Ä¶ https://t.co/3QHBP9nPRC,becspants,"21, she/her, lg(b)t",
9,#florida #MN24 Mike Pence y Ron DeSantis asistir√°n a mesa redonda sobre COVID-19 https://t.co/eK941iWs5W,miaminews24,"Miami, FL",
10,imagine calling covid the china virus,alrexxguy,th,
11,@shaondatta1 Hi Shaon. Are you based in Kolkata? Would you be interested in sharing your experiences regarding gett‚Ä¶ https://t.co/BRl5NWIkpk,nehabnk,"Kolkata, India",
12,What if the cure for Covid was playing football? Maybe we should give it a shot. üèàüèàüèà,KerryTaylor15,"Phoenix, AZ",
13,La microbi√≥loga venezolana Carla Sol√≥rzano coordina la parte laboratoria que prueba la vacuna de Oxford en la Escue‚Ä¶ https://t.co/RHSBJjkxOO,CorreodelCaroni,"Ciudad Guayana, Venezuela",
14,"Latinos are among the hardest hit by COVID-19, making up about 60% of deaths in LA County outside nursing homes. We‚Ä¶ https://t.co/i9pyMoRcTv",_mrslva,"California, USA",
15,16 minutos que o enf voltou do atestado de covid e a gay j√° est√° estragando meu dia pqpqqqq para de tirar as coisas‚Ä¶ https://t.co/PoEjIfIxgO,brandaorm,,
16,"How is it that free testing has an ""expiration date"" when the damn Covid is still running rampant?

Arizona trying‚Ä¶ https://t.co/TtT5b0lXYJ",QuestionableAl3,,
17,"I said earlier that nobody is actively rooting for these sports seasons to fail amid Covid-19.
While I stand by tha‚Ä¶ https://t.co/9z0ML811Fg",AcunaAndrew,"Deer Park, New York",
18,Read this to understand why Covid deaths aren‚Äôt the only thing to be concerned about. https://t.co/ZWqiuBckbs,MerPai,,
19,"Complacency, is what is opening doors to this looming wave of COVID-19. Believe the hype guys!! Take the measures seriously.",MullerEmpo,"Gaborone, Botswana",
20,"I got COVID-19 and recovered.  If you're curious what my experience was like, I wrote a little Medium post.  Stay v‚Ä¶ https://t.co/ffJcQeoJQc",murphdog97,"New York, NY",
21,@realMiniTiger @philipsknowlton Been thinking about this: pumping people up with fear works. That's what the Left d‚Ä¶ https://t.co/Do5kQ595eE,WrSocially,"Wisconsin, USA",
22,@ror____________ @PonyGroyper @AdamSchefter Lmk when a world class athlete dies from Covid,WSH1932,,
23,"@RoyBlunt @realDonaldTrump ""Our hospitals look like war zones"": Texas battling influx of COVID-19 cases https://t.co/7IobnrUcTC",domsnana1,USA,
24,"fora que no interior essas ""regras"" para flexibiliza√ß√£o nem existem n√©?

aqui em Assis mesmo t√° tudo aberto, mesmo‚Ä¶ https://t.co/ZTW2csE0SZ",almeidaf_ana,minha casa ,
25,"@RatPackLasVegas @JoyceWhiteVance Jack, Thanks for that thoughtful reply.  None of this will stop until the governm‚Ä¶ https://t.co/Uw424ahBho",rdengstrom,,
26,"@RepAndyBiggsAZ Arizona‚Äôs governor is Republican, his approach to covid is Republican, he consulted with Trump on i‚Ä¶ https://t.co/0HSORSiMYv",az_morr,,
27,Hurricane Hanna Batters US-Mexico Border Amid COVID-19 Crisis - Latino USA https://t.co/ODO0mxqSEc https://t.co/z0YiDHJGag,HAMANNsmr,,
28,COVID-19: B√©lgica endurece sus medidas por un repunte de 71% en los casos #Coronavirus https://t.co/ErGP2tlKyw,Volverteaver2,Bilbao,
29,"@noticias4vision ASI ES, LA NATURALEZA ES PODEROSA, LES DEJO UNVIDEO MUY REVELADOR SOBRE EL COVID  https://t.co/6xehbKVfiE",jr1953zelada,EL SALVADOR,
30,Let‚Äôs not forget to take care !COVID 19 is real üò≠,Irmgard_16,Namibia,
31,#Salud https://t.co/4bYe5siVGj Hong Kong multar√° a quienes no usen mascarillas. Es solo uno de los lugares donde po‚Ä¶ https://t.co/KPMPtfU7yK,PYMESElSalvador,El Salvador,
32,#Pesca hoy nos convoca la unidad para combatir el Coronavirus. En Pesca en compa√±√≠a de su Alcalde y equipo de la ES‚Ä¶ https://t.co/phquVx4Pnu,jairomsantoyo,"Boyac√°, Colombia",
33,This isn‚Äôt the first time we‚Äôve seen stroke as initial presentation of COVID. Reminds me of this NEJM paper highlig‚Ä¶ https://t.co/pmwnknQZDt,BuckDancerMD,The Intensive Care Unit,
34,Cancelan el juego de Yankees contra Phillies por brote de COVID-19 - https://t.co/pR3yX1W5SX https://t.co/jQmLgo9Bi7,Jaimea54,Reynosa Tamaulipas Mexico,
35,"@cro_oi @_Hina___ @loupNaqala @Jeannot_lapinte O√π les bonnes chaussures üòÇ
Mais oui le test s'imposera. S'il n'y ava‚Ä¶ https://t.co/tsStAWvkBs",thecybergreg,,
36,"Coming up next on CCTV's public channel (Comcast8/Verizon43)
7/27/2020 2:28:38 PM:     COVID-19 PSA-CDC Who is at Risk",CantonCommunity,"Canton, MA",
37,The prothrombotic tendencies of COVID are shocking and terrifying. I‚Äôve never seen so many clots in my life...mostl‚Ä¶ https://t.co/4brC3mEOAZ,BuckDancerMD,The Intensive Care Unit,
38,"Is COVID asymptomatic/presymptomatic transmission causing infection?

Yes! In fact, we suspect this group is causin‚Ä¶ https://t.co/5uidDWlcK4",YourlocalIDdoc,"Iowa, USA",
39,The only reason we didn‚Äôt nuke ourselves in the Cold War was mutually assured destruction. And now the rest of the‚Ä¶ https://t.co/XbeY0aG5Xs,WhiteFluffBemu,?????,
40,"@DrAnthonyFauci1 @GovMikeHuckabee @TuckerCarlson @TeamCavuto @IngrahamAngle 
Watch Live: Frontline Physicians Aim t‚Ä¶ https://t.co/riWLQzXDO5",BrownieK41,,
41,I know. I was so bummed when I was watching the Padres game and that COVID respirator commercial came on. I was lik‚Ä¶ https://t.co/cKZkTPxzhO,mleland8,Based in San Diego County,
42,Trump is visiting Morrisville in NC today and he may not catch the fade but I hope he catches that COVID,Pineappleedgar,Northern Air Temple,
43,"@dionneflinn It‚Äôs about to get passed here because, üòâüòâ it‚Äôs the ‚Äúanswer‚Äù to lowered revenue due to Covid. The Red S‚Ä¶ https://t.co/hMMHrwLNot",PokerCookieM,@andrewneeme vlog 198 min 7:13,
44,"‡§™‡•ç‡§∞‡§ß‡§æ‡§®‡§Æ‡§Ç‡§§‡•ç‡§∞‡•Ä ‡§Æ‡•ã‡§¶‡•Ä ‡§∏‡•ã‡§Æ‡§µ‡§æ‡§∞ ‡§ï‡•ã ‡§ï‡§∞‡•á‡§Ç‡§ó‡•á ‡§®‡•ã‡§è‡§°‡§æ, ‡§Æ‡•Å‡§Æ‡•ç‡§¨‡§à, ‡§ï‡•ã‡§≤‡§ï‡§æ‡§§‡§æ ‡§Æ‡•á‡§Ç ‡§ï‡•ã‡§µ‡§ø‡§°-19 ‡§ú‡§æ‡§Ç‡§ö ‡§ï‡•á‡§Ç‡§¶‡•ç‡§∞‡•ã‡§Ç ‡§ï‡§æ ‡§∂‡•Å‡§≠‡§æ‡§∞‡§Ç‡§≠‚Ä¶ https://t.co/OWR5uMsM4P",OmPraka53269677,,
45,"Ohio has 85,177 total cases of COVID-19 and 3,344 total deaths, the Ohio Department of Health reported July 27. https://t.co/ac5zZzXzfU",ColumbusJNews,"Columbus, OH",
46,Just want to take a few seconds and say thank you to @JBPritzker for doing what I would consider to be the best job‚Ä¶ https://t.co/cFOKTXoYq9,jamesenator19,Earth,
47,A young patient (30s) presented with stroke.  Patient was asymptomatic prior to presentation...No respiratory sympt‚Ä¶ https://t.co/32qHZJMUIP,BuckDancerMD,The Intensive Care Unit,
48,"üëÄThe largest nursing home in CA!

‚ÄúNow, four months into the pandemic, not one Laguna Honda resident or worker has‚Ä¶ https://t.co/OmoFdSZQef",TheBlueApe,California Republic,
49,Watch as the same people who claim the CoVid vaccine will be a Bill Gates-funded chip implant become the first peop‚Ä¶ https://t.co/ammUNdwOPq,RedCrake,"Athens, GA",
50,"My ZIP code, 32208, has been ravaged by COVID‚Äîabout 1 in 22 residents has been infected.  How many of our beloved n‚Ä¶ https://t.co/OtSy1zkNsk",drkranch,"Jacksonville, FL",
51,Nothing says ‚Äúwelcome your post COVID smell back‚Äù like getting in your car and remembering the big dry bag of dog f‚Ä¶ https://t.co/D0dAvo1qk8,melissad__,"Nashville, TN",
52,"Some shirts being made for my next fight ( not sure when, still hit and miss with covid) but they‚Äôll be $25 a piece‚Ä¶ https://t.co/lmnhR7N2h9",LandenWee,"Kansas City, MO",
53,I need covid to end so I can kiss the homies again,Willowpudge27,,
54,@chicagosmayor more people are getting shot than dying of COVID,__hayley____,,
55,"Tengo un conocido que es doctor, muy cool el cuate. Ha realizado diferentes publicaciones informativas y preventiva‚Ä¶ https://t.co/lqw4JRi133",RivasLSandra,Veracruz de Ignacio de la Llav,
56,"If you want to understand part of the shitmess this country is in re: covid, listen to today's Daily podcast. Healt‚Ä¶ https://t.co/VvtDWxJbCx",MonaMansourNY,,
57,"covid-19.

things i miss.

tango.

blonde redhead live performances...

https://t.co/8BE0xJRl5s",numbsafari,Philadelphia,
58,"Recordemos que todav√≠a estamos en contingencia por el COVID-19, sigamos las instrucciones de la Secretar√≠a de Salud‚Ä¶ https://t.co/s6FW00iMPm",inmujeracapulco,"Acapulco,Guerrero,M√©xico",
59,Challenge accepted. #womensupportingwomen  I found this photo that feels like it‚Äôs from another era- before Covid w‚Ä¶ https://t.co/kdReKDSnFV,VirginiaWms,üåé,
60,"#sondage #france 
Vous donneriez quelle note au gouvernement pour la gestion de la crise du covid 19 sur 10?",TonyLeNormannd,France,
61,@ChrisCuomo I would trust gas station sushi before a word out of your mouth. You and your brother are disgusting. I‚Ä¶ https://t.co/BJuigeBDX1,bage_mary,"Florida, USA",
62,"A cuidarnos. Ahora solo depende de cada uno. En Lima, 1 de cada 4 tiene covid 19 https://t.co/j47KokYtfN",alberto31408712,"Lima, Peru",
63,"@Fr33Sp33ch5 @MetroUK Rather roll the dice with covid, will not be taking and we need to fight back against this bullshit!!!",Paul4Britain,,
64,https://t.co/iLgLbWLnov,GallazzoPaulo,Niter√≥i Rio Brasil,
65,"Religieuse franciscaine au Pakistan, s≈ìur Ruth Lewis est d√©c√©d√©e le 20 juillet du Covid-19. Surnomm√©e la ¬´ m√®re des‚Ä¶ https://t.co/WZvy1muTbH",CPPatriote,DISCORD,
66,Disappointed to hear the mother in law's covid test going into a private hospital locally was by the following https://t.co/uQpQZ2CoAX,grazingnut,Brighton and Hove,
67,#COVID-19 DAILY UPDATE https://t.co/w3nx7n0YP4,WCHealthMEC,"Cape Town, South Africa",
68,"El gran brote de Arag√≥n, descontrolado: 1.240 casos de Covid en 72 horas, un 35% m√°s que hace una semana https://t.co/o1Dyw2rhhc v√≠a @abc_es",Maria10303097,Madrid,
69,"El obispo de Tilar√°n a gritos pide que no ""los vigilen tanto"" en cuanto a las medidas sobre el COVID-19 y que permi‚Ä¶ https://t.co/f4tgj4mPvK",pqoesteban,"Cartago, Costa Rica",
70,"@andicomics My deadline for art is September, so I'd guess early next year or spring? But who knows how badly COVID‚Ä¶ https://t.co/WhbpjNMhXg",ben_towle,"#OTE Columbus, OH",
71,"@VMoooMV @Armee_de_lair @florence_parly Et bien, respecter c‚Äôest aussi prendre garde √† pr√©server le lien social...‚Ä¶ https://t.co/QLHEbeoUrr",rotatif1,"Andorre-la-Vieille, Andorre",
72,"@xvi_mt Te mando un fuerte abrazo. De verdad es importante cambiar, no s√≥lo de esa situaci√≥n m√©dica. Ahora tambi√©n‚Ä¶ https://t.co/vDnCTdgabX",Salvado710708,,
73,"As I look around Toronto, I am seeing more and more COVID fatigue. People have just given up after 5 months of isol‚Ä¶ https://t.co/7Fi91Cvicc",ekiledjian,"Toronto, Ontario",
74,"Bilang ng mga nagpositibo sa COVID-19 sa Marikina, 702 na #END",Barbara96913515,Stockholm,
75,i woke up an hour ago after sleeping way too long and i still feel so disoriented and dizzy whats wrong w me do i have covid,huangxcxi,ten butt,
76,@ashoswai Don't worry once he will build Ram mandir he will control COVID  in few seconds and whole world will come‚Ä¶ https://t.co/b8VKx982p1,tmngrozy2,,
77,"I hope it works!  Final test of Moderna‚Äôs COVID-19 vaccine trial begins 
 
 https://t.co/CAHQbLYXaz 

 Sent from th‚Ä¶ https://t.co/DP8MRKN92g",rhg345,New York,
78,@DC_Draino And the fact that they tore down never used field hospitals built to alleviate the load on hospitals ICU‚Ä¶ https://t.co/TRrUtSgWp4,Gabagool84,"Miami, FL",
79,@MariaArevaloBte @SamanthaDeLaM10 @FDoringCasar @lopezobrador_ @coneval Y del aborto que est√°n aprobando a nivel na‚Ä¶ https://t.co/mifnJgVHRV,maricar54029069,,
80,"Covid... Ejemplos a seguir:
Taiw√°n (442 casos, 7 muertes)/Singapur (39.965 casos, 25 muertes)/ Corea del Sur (11.90‚Ä¶ https://t.co/eqFmvSOg28",taf67,"Los Angeles, CA",
81,I‚Äôm not mad that Covid happened I‚Äôm mad at the way it was handled,gabpoteat,,
82,@GovRonDeSantis @realDonaldTrump Just another problem caused by these incompetent asses. #DeathSantis‚Ä¶ https://t.co/mhSSAoSGGb,TrishaAnn1951,"Panama City, FL",
83,"'Not illegal to have lunch': BLM organisers urge protesters to sidestep COVID-19 restrictions

""... ""Stand on your‚Ä¶ https://t.co/rdGX1OiAHM",AndrewW66619812,"Perry, Birmingham, Gaia",
84,"@ThatGirl246810 @JCsadaSilva @DiamondandSilk The ""Free Rent"" issue currently is that a lot of people are out of wor‚Ä¶ https://t.co/RRuefStPSN",kittenhawk1,"Lake Charles, Louisiana ",
85,"üëâOportunidade √≠mpar de ouvir e conversar com pesquisadores m√©dicos da linha de frente contra COVID-19, que est√£o no‚Ä¶ https://t.co/vyaJagPv8L",josegallucci,"Sao Paulo, Brazil",
86,"Jeff Utecht, founder of Shifting Schools, presents ReImagine 1.0 and 2.0, trainings designed to assist educators in‚Ä¶ https://t.co/rAi2eaUnZQ",newesdnews,"Spokane, WA",
87,https://t.co/Ia0hWg6aRK,DoftWT,"Kitchener, Ontario, Canada",
88,#Noticias12Nicaragua Solicitan al Gobierno la realizaci√≥n de las pruebas de covid-19 para Nicarag√ºenses Varados en‚Ä¶ https://t.co/52uQTRw0u1,canal12nica,Nicaragua,
89,The IMF Executive Board today approved US$4.3 billion to help South Africa address the socio-economic impact of‚Ä¶ https://t.co/tJT0HeCWzA,Abdullahi_oho,Somalia,
90,"@issamu @riberlindo @aosfatos Isso √© verdade, o n√∫mero alto de testes pode ter detectado v√°rios casos leves no Peru‚Ä¶ https://t.co/u1k9pQxQOT",SebastianIvak,,
91,@pasquino2000 E mi sa che lo ha anche avuto il covid,sergioscognas,,
92,Outcomes of Cardiovascular Magnetic Resonance Imaging in Patients Recently Recovered from COVID -19 ‚Å¶@PrinSciAdvGoI‚Ä¶ https://t.co/Sw3Gpv5h5u,bhaviktweets,"Mumbai, India",
93,"@dilippatel123 @iGopalShetty @DasShaktikanta @RBI @PMCBsh_acHforum @BJP4India @SMungantiwar Sir, humble request to‚Ä¶ https://t.co/VenjaYZa0w",ManojOberoi3,,
94,@TaylorLorenz @davidgura You can't hide from covid-19. Just ask MLB.,pjkool,,
95,imagina ano que vem todo mundo q morreu de covid volta como zumbi,shadzxrp,ceu,
96,"This is proof it didn't have to be this way. This would have helped families, essential workers, healthcare workers‚Ä¶ https://t.co/Dg9jT21uHk",jddchicago,"Chicago, IL",
97,I work at a covid testing site and we get covid then we don‚Äôt get paid off the days missed. First of all...I ain‚Äôt‚Ä¶ https://t.co/gLFctZxQX6,DiamondBAshley,chicago shorty,
98,The Metro Atlantic Athletic Conference has decided to cancel fall sports competition because of continuing health a‚Ä¶ https://t.co/skE0yUpAwm,RiderUniversity,"Lawrenceville, N.J.",
99,"If #COVID has taught me one thing, it's to love where you live and to not take what's on your door step for granted‚Ä¶ https://t.co/FWdyezXt36",every_station,United Kingdom,
100,@wesbury @realDonaldTrump https://t.co/u9gz9JOiEd,jobsZeon69,German/British/Euro citizen ,
101,@BeccaismsDC I did have a salaried job w/ benefits but was laid off due to covid. agencies that were hiring were on‚Ä¶ https://t.co/SWelw3xnj5,Amanda_R_Garcia,"California, USA",
102,¬°MUY RARO! Diosdado Cabello no se ha reportado en 6 d√≠as desde que anunci√≥ su diagn√≥stico de covid-19‚Ä¶ https://t.co/ZtYbHIIIBq,renovarpapeles,Barcelona,
103,"@ClBuckets honestly, from what you just said i realise now that i shouldn‚Äôt have said shit. i don‚Äôt know anyone per‚Ä¶ https://t.co/lgDr3gHtT3",ionfuckwidit,jupiter,
104,"@tahuhdah @nkeegan @AineMcMahon @PA The article doesn't make any sense. Yes fat shaming is wrong, as is picking on‚Ä¶ https://t.co/1TCQUx1zfz",Jack83596949,,
105,COVID-19 is transforming how companies use digital technology - The Hub at Johns Hopkins https://t.co/ZXpHTaNNKq‚Ä¶ https://t.co/aIDyd1RjzJ,milocamj,"Cleveland, OH",
106,"India is rapidly approaching 400,000 COVID-19 cases, but has 'no community transmission' https://t.co/TlTaLkpNKL https://t.co/vnalff9pkH",RmanRussDen,"Aurora, Colorado",
107,Who had a flash from the past from the 2000 /2019 from childhood and from the good old days like and repost to show‚Ä¶ https://t.co/wklzsaZ3e7,Shelly_pepsi,Ohio,
108,Cierran un Mayorista en San Mart√≠n y un bar en Guaymall√©n por casos positivos de Covid-19 https://t.co/Zfqugto4ot https://t.co/79vIDvLC9z,sitioandinomza,"Mendoza, Argentina",
109,·ûñ·ûõ·ûö·ûä·üí·ûã‚Äã·û¢·û∂·ûò·üÅ·ûö·û∑·ûÄ·û∂·üÜ·ûÑ‚Äã·ûö·ûÑ·üã·ûÖ·û∂·üÜ‚Äã·ûÄ·ûâ·üí·ûÖ·ûî·üã‚Äã·ûê·ûú·û∑·ûÄ·û∂‚Äã·ûá·üÜ·ûì·ûΩ·ûô‚Äã·ûê·üí·ûò·û∏ ·ûÅ·ûé·üà‚Äã·ûÄ·ûö·ûé·û∏‚Äã·ûÜ·üí·ûõ·ûÑ‚Äã·ûá·üÜ·ûÑ·û∫‚Äã·ûÄ·ûº·ûú·û∏·ûä·ü°·ü© ·ûî·ûì·üí·ûä‚Äã·ûÄ·ûæ·ûì·û°·ûæ·ûÑ https://t.co/aK88tEvdVt https://t.co/hOR787v4jc,voakhmer,"Phnom Penh, Cambodia",
110,30.000 voluntarios de EE UU comienzan a recibir la vacuna de Moderna contra la covid en su fase de pruebas https://t.co/AqELl7qGfx,AmerHoy,Sur de la Florida,
111,"My god ... @Kurkjian_ESPN, @HannahStormESPN, etc. clearly wanting the MLB season shut down now after the Marlins CO‚Ä¶ https://t.co/aht8NFHLiQ",scottpuryear,,
112,"@DylanBresseyGP @bcshaffer Then why did your council take it upon yourself to close city owned faculties, playgroun‚Ä¶ https://t.co/Rmx2rkF2hq",spencerbennett1,"Spruce Grove, Alberta",
113,"ŒöŒøœÅŒøŒΩŒøœäœåœÇ: ŒëŒ∫Œ±œÑŒ¨ŒªŒªŒ∑ŒªŒ∑ Œ∑ œáŒªœâœÅŒøŒ∫ŒØŒΩŒ∑ Œ≥ŒπŒ± œÑŒ∑ŒΩ Œ±ŒΩœÑŒπŒºŒµœÑœéœÄŒπœÉŒ∑ œÑŒ∑œÇ Covid-19, œÉœçŒºœÜœâŒΩŒ± ŒºŒµ ŒΩŒ≠Œ± Œ≠œÅŒµœÖŒΩŒ± https://t.co/ID8xJQ7YFo",taxispanos,Athens,
114,"Covid has power power, wonder working power. https://t.co/uRl1e1Euwn",lmckr,"Bedford Stuyvesant, Brooklyn",
115,#GracielaEnOnda conversa en #EnContexto sobre la situaci√≥n del sector salud frente a la Covid-19. Nos acompa√±a Manu‚Ä¶ https://t.co/fcnIXX2Rks,CircuitoOnda,Ccs 107.9 FM (+ 12 emisoras),
116,@2020_blows @peppertux @GovHolcomb @StateHealthIN My guess is that by nov 10th covid will be history.,Assetwrs,Stik,
117,Las 100 mascarillas que no protegen contra la Covid-19 | Salud https://t.co/TMadapJ8QR,AngelesArroyo,M√©xico,
118,"Can finally scratch ""Woman angrily claiming she doesn't need to wear a mask indoors because of a 'medical condition‚Ä¶ https://t.co/yWzL9WYx5p",roberthamwriter,"Portland, OR",
119,@ArthurDelaneyHP @JStein_WaPo I love it except then no one would want to get tested or admit they have COVID.,tryptique,,
120,"BOCELLI PARLA ALLA CAMERA DEL SENATO SUL COVID-19
#CINEBOCELLI    CAMERA CON VISTA",jhon_frenc56,Piemonte  ( ma di Catania),
121,#wearyourmask #covid-19 https://t.co/hbAH69Vo6V,a_mancinirealty,"Long Branch, NJ",
122,Mot√≠n en c√°rcel de Bolivia tras muerte de presos sospechosos de tener Covid-19 https://t.co/6kSVt79Mwx,lafm,"Bogot√°, Colombia",
123,"The first batch of gift cards went out today! This could have been you! ü§∑üèΩ‚Äç‚ôÄÔ∏è 

Don‚Äôt wait! Let @MetroMorphosis1 kn‚Ä¶ https://t.co/hVLnszkq3u",frankieBRLA,,
124,Where can I get a free Covid test in Omaha?,anna__latch,"Nebraska, USA",
125,"Buena tarde Secretaria Aguirre, disculpe van a subir hoy  datos actualizados de Covid 19 de QRoo ? Gracias por su atenci√≥n @SESA_QROO",bobsalca,Canc√∫n,
126,Child hospitalizations from Covid-19 surge 23% in Florida as schools statewide must reopen https://t.co/ZDSLp3SeGV #SmartNews,fbenavides,"Aguascalientes, M√©xico",
127,"In the future, I believe this misbegotten episode regarding hydroxychloroquine will be studied by sociologists of m‚Ä¶ https://t.co/kHsX8qSdMJ",ORConservative,Oregon,
128,Does this mean the covid payment wont be cut Mr. Burns? NOT. https://t.co/yeXf5tO3ma,JohnPaulMelady,Gibbstown ,
129,"s√≥ vejo defendendo a abertura desses estabelecimentos, as aglomera√ß√µes, quem n√£o perdeu ngm pra covid, estranho ne?",vitorjhordan,"S√£o Lu√≠s, Brasil",
130,@IIIMattieBoz I died of covid.,mindfulmoon10,"California, USA",
131,"al√©m da pandemia de covid estamos numa pandemia de ansiedade, √© surreal o tanto de gente com crise e eu achava que era s√≥ eu",_marhyamoutinho,RJ,
132,"Murillo pide a l√≠deres masistas no convocar a movilizaciones y dice que algunos tienen Covid-19
https://t.co/ty3t0QjVJz",BrujulaNoticias,,
133,@bakersfieldnow Covid backfiring on Newsom. It‚Äôs killing all his cdc kids.,Fattiresrock,,
134,Encontro casual no corredor com vizinha vi√∫va de milico e bolsonarista. Disse-me que a m√©dica garantiu que a Covid‚Ä¶ https://t.co/Do0yobmOUU,marthaesteves,Cidade Maravilhosa,
135,"Mi abuelita desde antes de acabara el 2019 se hab√≠a ido con su hija a Cuernavaca, luego se fue con su otra hija a P‚Ä¶ https://t.co/TloLtbbpzg",sayedmanjarrez_,"Culiac√°n, Sinaloa",
136,"@jrsestaca @lopezobrador_ Que importa ese avi√≥n, el COVID, inundaciones, muertos, desempleo y una p√©sima econom√≠a!!!!",LuisaBo05012040,,
137,Toda acci√≥n tiene su reacci√≥n. No s√≥lo es el COVID-19 incontrolado en varias regiones espa√±olas sino tambi√©n la reu‚Ä¶ https://t.co/ePF354wqIB,imma38ds,Deutschland,
138,"49 pang kaso ng COVID-19, napaulat sa Western Visayas https://t.co/NLB33tY9QR",dzIQ990,Makati City,
139,@DiscipleX1 @MAJTOURE Yeah the goodwill with cops has gone tremendously for me with COVID and the brutality that is going on,OLRiveraUSMC,,
140,The new rapid Covid-19 antigen tests being sent to thousands of U.S. nursing homes in high-infection areas have a t‚Ä¶ https://t.co/JPg2e0vybk,BLaw,"Arlington, VA",
141,"The Federal Government, on Monday, said it was working with the Aviation Sector to fasttrack the reopening of the i‚Ä¶ https://t.co/psHlqFkU4N",daily_trust,"Abuja, Nigeria",
142,Exalcalde de Manizales Octavio Cardona (@jcardonaleon) da negativo en prueba de covid-19 https://t.co/pv72GRvdyi v√≠a @lapatriacom,lapatriacom,"Manizales, Colombia",
143,"So far the messages about Covid-19 from our new Government have been weak, confusing and fading into the distance..‚Ä¶ https://t.co/2GBEaE4Oh8",SuzanneCurtin3,Dublin,
144,They don‚Äôt even know about the COVID deaths in the UK and this shows how vulnerable the country is,GBKoumar1,,
145,NEWS:  Coronavirus: Why obesity can increase risk of hospitalisation and death from COVID-19 https://t.co/31Zgdxx5Rn,YorksCoastRadio,Yorkshire Coast,
146,@albacaracciolo5 Tienes al sims con covid chata ü§£,SoniiaGarciia,‚Ä¢EN LA PARRA‚Ä¢,
147,"""The FDA has authorized its first COVID-19 diagnostic for broad-based screening‚Äîincluding for people who have not s‚Ä¶ https://t.co/9KPsPeBQio",AmeshAA,"Pittsburgh, Baltimore, NYC",
148,eu parece q mi tia tiene covid y se lo toma a jodaüò∂,akanonatsu,they/them ze/zir fi/fire,
149,"Covid e bambini, si infettano meno facilmente degli adulti. Meno preoccupazioni a scuola @AleCamarca https://t.co/gDe0W7IfIi",TV2000it,,
150,"@SkyNewsBreak I am currently in Denmark üá©üá∞ 
Covid Madness is almost a distant memory.",spenniy,UK,
151,tudo indica que √© covid,giuzinha__,"Bonsucesso, Rio de Janeiro",
152,Republicans are reportedly seeking to extend increased unemployment benefits in the next round of COVID-19 stimulus‚Ä¶ https://t.co/xWNWIEU0qA,LEX18News,"Lexington, KY",
153,@RobertGarciaLB So very sorry for your loss. I have been praying for your mother every day since you shared she had‚Ä¶ https://t.co/lVBZ8wgGqo,ElizabethLambe,"Long Beach, CA",
154,Office Of Inspector General Critical Of Bureau Of Prisons Response To Covid-19 via @forbes https://t.co/u8P50FjnvM,bythec2,,
155,"Juan Soto no ha experimentado ninguno de los s√≠ntomas del COVID-19 desde que arroj√≥ positivo el pasado Jueves.
.
So‚Ä¶ https://t.co/8biVGHPSre",BournigalSports,Dominican Republic,
156,@TDen2020 @A_Rosie_Life He fucked up covid and got my pay cut by 10%.,gregmk12,Illinois,
157,"""Con la diggitalrevoluscion, le citt√†delfuturo‚Ñ¢ dopo il #COVID avranno lavoro e servizi al massimo a 15 minuti da c‚Ä¶ https://t.co/bY8eH5MBBR",Haragyl,"Firenze, Impero Romano",
158,"The game isn't over. I urge everyone to wear masks and social distance when possible. Together, we can defeat this‚Ä¶ https://t.co/mkBlYfhvEa",JStuartAdams,"Layton, UT",
159,"5 dias sem fumar üòÖüôèüèª algo √∫til esse covid me trouxe, largar esse vicio escroto, por√©m a vontade de fumar t√° grande. Confesso kkkkk",juliamd98,,
160,"@NoticiasCaracol @NCAntioquia Me parece bien que vengan a ayudar,pero que dejen el adoctrinamiento comunista en su‚Ä¶ https://t.co/onc4w9LMcd",ElHombreDeLasR,Bogot√° - NarColombia,
161,"[ùóòùó° ùó©ùóúùó©ùó¢] üî¥ |En #HoyMismo #AlD√≠a, ante aumento de casos de COVID-19 en La Ceiba, Atl√°ntida, m√©dico recomienda a la‚Ä¶ https://t.co/kqulF5ybJO",HoyMismoTSI,Honduras,
162,"Is it safe to have an Audiological evaluation during Covid 19? Dominick Servedio, Audiologist discusses. https://t.co/DfWOXDbWm2",domsears,New York City,
163,El mundo cumple 6 meses de pandemia por COVID-19 con 16 millones de casos confirmados https://t.co/ObmQh7S2lq,SemanarioU,Costa Rica,
164,@PillowBryson world wide riots because BLACK LIVES MATTER the school said ‚Äúy‚Äôall are violent all lives matter see y‚Ä¶ https://t.co/XbHh14ntYb,docx_desh,rockin nTHA free world ‡•ê,
165,@KITV4 Hopefully no new covid super spread in the weeks to come.,journopixs,"Corona Del Mar, Ca & Hilo, Hi",
166,@myami_myeow That high oh yah but now I'm low seeing tonight's game has been postponed cuz Stupid Americans cities‚Ä¶ https://t.co/fSwR8qtn4q,GeorgeXjr4,,
167,"I just told a woman on her shoes were cute &amp; she looked at me like I slapped her ass. üòú
FYI, compliments don‚Äôt give you COVID.",thekjohnston,nyc & la ,
168,"Really wanted to clean the carpets at our new rental, but because of COVID you cannot rent a @RugDoctor. Why can pe‚Ä¶ https://t.co/XFiicgcI2H",AmandaMaeRenkel,"Nashville, TN",
169,"En 24 horas, Veracruz suma 250 nuevos contagios de COVID-19 y 23 muertes - Al Calor Pol√≠tico https://t.co/BM2nMscR5G",MovAntorchaPR,,
170,"No claro, con coches y camiones hacen bulto, bueno, bultito. Lo que s√≠, el nombre les viene bien: Frena, lema facho‚Ä¶ https://t.co/r2Kim05m6U",Hasardevi,‚ù•Dans le Dharma‚ù£,
171,Odio al covid-19 tanto como al Chaque√±o Palavecino.,AxelVaz70069485,,
172,"@ds10007631 @JosCarlosJmnz @catatl1 Al parecer mi cerebro anda mal, ya que me cost√≥ entender el mamarracho que acab‚Ä¶ https://t.co/bmBPmDe7Kq",andresmedmel,,
173,"Hypothesis #1: People from Latin America are coming into the US sick with COVID and getting counted in our stats, a‚Ä¶ https://t.co/jfDLrwaVXH",SalsaPrice,Realville,
174,"""To some American companies and Florida men, COVID-19 is apparently a war that will be won through antimicrobial bl‚Ä¶ https://t.co/fCHHZJv8RH",BenBlankley,"Wichita, KS",
175,"I love when ppl try to validate the # of COVID deaths by saying ‚Äúyeah, but they had comorbidities‚Äù like they‚Äôre not‚Ä¶ https://t.co/hkeuxDeviD",rae_tayl,,
176,vim passar alguns dias de f√©rias no interior de sp na casa dos meus pais. resolvi vir de @LATAM_BRA pois √© longe da‚Ä¶ https://t.co/7N1DUK2Etk,bieel,s√£o paulo,
177,@BrexitDog_UK @pitzwang @simondolan Nurses are the same. They are human and can contract covid. Therefore EVERYONE‚Ä¶ https://t.co/Obi4mhqnaz,al_martin71,uk,
178,Wonder when O'Brien found out he is COVID-19 positive?,ebroskie1234,Salem OR,
179,"""@GavinNewsom‚Äôs actions leave us wondering: In the face of the current COVID-19 public health crisis that is exacer‚Ä¶ https://t.co/MQjXptNGQc",LastChance_CA,California,
180,Segundo dados do relat√≥rio ‚ÄúQuem Paga a Conta? ‚Äì Taxar a Riqueza para Enfrentar a Crise da Covid na Am√©rica Latina‚Ä¶ https://t.co/EFii8Cnioj,ptbrasil,Bras√≠lia / Brasil,
181,"COVID-19 Has Given Hackers an Unfair Advantage, Experts Say https://t.co/L68ErI7WXO",cdeprivacy,,
182,@Hngstmngl @Elmeraculous Ik zou die persoon willen uitnodigen om het ziekenhuis te bezoeken. Hem/haar verwijzen naa‚Ä¶ https://t.co/EKODjIEbkz,OngehoordN,,
183,It‚Äôs hilarious how @PMOIndia and @MoHFW_INDIA keep throwing India‚Äôs Covid recovery rate data out there. If your tes‚Ä¶ https://t.co/U38KvaJYFK,ps_tarheel,"Minneapolis / New Delhi, India",
184,COVID-19: B√©lgica endurece sus medidas por un repunte de 71% en los casos #Coronavirus https://t.co/PcyqBlKIXZ,Ricardo_Oroz,ESPA√ëA  |  M√âXICO,
185,Why that #covid make like Stephen Hawking and die,ToxicMalk,,
186,This COVID shit messing up money,_JessicaOdom,Earth,
187,It's the start of another week and a great time to take our survey to tell us how YOUR sleep and dreams have been a‚Ä¶ https://t.co/kiNCq7Lx1W,UAsleephealth,,
188,"@vershine RichardSkipperCelebrates, @HowardMcGillin. We will talk about his career, life, and surviving and creatin‚Ä¶ https://t.co/2Cfvdr587k",RichardSkipper,"Sparkill, NY",
189,"You want ‚Äúsocialized medicine‚Äù?

Try the @DeptVetAffairs !

Just got a call rescheduling a medical appointment for‚Ä¶ https://t.co/zULGLd1BJz",X2Doc,World Traveler,
190,"@ricpuglisi Vedo che il suo coautore Zangrillo ha appena ritwittato un certo Roberto Fedeli, che in un tweet di ier‚Ä¶ https://t.co/kMRzfXV4Rs",Giacomo05908729,,
191,Getting tested for COVID tomorrow and I‚Äôm kinda nervous. Anyone like to share their experience? Is it really as bad‚Ä¶ https://t.co/XLuG2ADHqc,mystruggIe,,
192,"@RatedHpod Jethro Tull‚Äôs ‚ÄúSeed Drill‚Äù. 
Not a concept album by a bunch of prog rockers, but a contraption that keep‚Ä¶ https://t.co/Jn0vcFWUdf",Cevni,"Doncaster, England",
193,No teste deu negativo pra covid 19,LeandroRios_,"Porto Alegre, Brasil",
194,"While rich countries fight to buy up as many potential #COVID19 #vaccines as possible, other countries are forced t‚Ä¶ https://t.co/9s20a3gEPo",teifidancer,West Wales,
195,@JoshGordon1_1 @georgewrighster @ClayTravis For sure....there's tons of reasons to stop football....Covid isn't one of them,youtwitface,right behind you,
196,"You know what hurts ? That I told people I lost a family member to Covid and these people ""my friends"" saw my post‚Ä¶ https://t.co/cKT1zfcjLd",OKGvby,,
197,"@shadybrady224 If they try to push Covid shots, I'm going to tell them where to shove it https://t.co/hfc89bWHpx",cnewtalk,"Park Rapids, MN",
198,@SanCadilla @Chivas @LigaBBVAMX Usted o alguien mas tendra la informacion de si los clubes mienten cuando anuncian‚Ä¶ https://t.co/kKaLgmsx0o,LuisChivo,,
199,@NorwichFootball @MildewMoomin You‚Äôll have to help with that comment. Are you suggesting no one should travel to an‚Ä¶ https://t.co/XCzF9LsUdY,Dousty1,,
200,"#Morocco Confirms 609 #COVID19 Cases, 115 Recoveries in 24 Hours

Officials also reported three new deaths, with a‚Ä¶ https://t.co/2x9X0wZ6kR",MoroccoWNews,Morocco,
201,@drparkeraz @drea_ams @Pismo_B @POTUS @realDonaldTrump @IvankaTrump @EricTrump @DonaldJTrumpJr Their plan is that n‚Ä¶ https://t.co/gyATjJBkKW,InAMadWorld111,,
202,COVID-19 case spike sparks concern about upcoming Bricktown fair https://t.co/YOvGanJqkE,kfor,"Oklahoma City, Oklahoma",
203,"CALIFORNIA COVID-19 CASES RISE 1.5%, LESS THAN THE 7 DAY AVERAGE OF 2.4%.",FinancialJuice,Bleeding Edge of News,
204,"Un juez tom√≥ esta decisi√≥n debido a la pandemia de Covid-19.
https://t.co/z4q1iBnJxT",Adela_Micha,M√©xico City ,
205,@JenniferJJacobs Yeah probably has common cold how bad covid-19 bad telling us all that you got covid-19 they don't‚Ä¶ https://t.co/HlKlfwhOiB,SusanWh68243181,,
206,"Conosco tante persone e nessuna di loro ha mai visto Bocelli cantare dal vivo, quindi Bocelli non esiste...

#bocelli #covid #madness",BartoliniMario,,
207,"@shanazaman @rogerthat191 Major news on Thursday re FDA approval, and results of covid treatment and vaccine",JesseBrockVan,"Vancouver, British Columbia",
208,@jmtalley @Kelan_McLain @GENmag For what its worth... my mother (who is 70 years old) would likely vote in a manner‚Ä¶ https://t.co/Z8nUHAv4MJ,visionairex,"Columbus, OH",
209,"SUBE 25 MIL 104 CASOS y 2,252 FALLECIDOS DEL COVID 19 EN LA LIBERTAD. VIZCARRA TEN PIEDAD DEL PUEBLO PERUANO
Gobier‚Ä¶ https://t.co/uojrFE7cbq",fannyjuanc1,peru,
210,https://t.co/sYpZ3AheoW,HakkiEmiroglu,Trabzon,
211,"@boxofsparklers @suzanneforsstrm @jorgenponder Det har du uppenbarligen inte gjort, nej! Du har inte bem√∂dat dig at‚Ä¶ https://t.co/ONqwyYcWr7",miabjornsdotter,"Topanga Canyon, Los Angeles",
212,@CNN catch the covid and crock,HPothen,,
213,"Great example of Humanity

Barpeta Medical College has conducted the first Caesarean section of a COVID positive pr‚Ä¶ https://t.co/iNCzThaUiK",bgpublicnews,,
214,@airindiain @HardeepSPuri VBM phase 5 flights from London to Delhi and feeder flight from Delhi to Chennai have a g‚Ä¶ https://t.co/at730yhmKj,PrasanthKris8,Chennai,
215,"@erplomi @jusapol
#ProhibidoRendirse
#Covid_19 
#JucilSuma
#equiparacionYa",CarlosC97349260,,
216,"Deaf people are more at risk of covid.

The rest of us must have heard immunity.",richyhlfc,,
217,"4)the reliance on food banks has been widely reported, 1.6 million food parcels were given to families in crisis, 4‚Ä¶ https://t.co/PcqfizoNCc",betteridge_jake,Nowhere,
218,@MariePenard Covid,rss_marjorie,,
219,"@GovRaimondo @RIHEALTH    Yes, today RI only had 38 new COVID cases and 1 death.  We are still not under 1%.  And j‚Ä¶ https://t.co/anoxIdNiTL",hariseldon1fe,USA,
220,Why are ppl ignoring the fact there is no vaccine for COVID-19? https://t.co/W4Eyjhi4LE,Ezee_EP,,
221,"@MagnussenDan @GovMikeDeWine But since I‚Äôm a teacher, and required to go to work I don‚Äôt have the option to keep my‚Ä¶ https://t.co/15UlHRGgOI",hblake13,"Believeland, OH",
222,"@Mickeyinblack @HRWEU It makes no sense we are letting these fools on our continent, him and his friend Pompeo. If‚Ä¶ https://t.co/mWZq8QGulT",AmandaMblonde,Belgium,
223,"Trump's national security adviser tests positive for Covid-19
https://t.co/iym6BKktv3",knammari1,United States,
224,"I miss the gym... ""Damn you covid!."" üòë https://t.co/Vk0LsDYHHF",EddyGThatNJBoi,"USA, New Jersey",
225,"@BBVARe_mx  buenas tardes, solicite el apoyo covid en mi tarjeta de cr√©dito y durante abril, mayo y junio si se ref‚Ä¶ https://t.co/BnK3Ec6jMj",Mnroblesgil,,
226,"@katieporteroc The occupant of the White House doesn't care about COVID-19, your kids, teachers or our troops. He o‚Ä¶ https://t.co/JXmb5Jc4MN",Doberfest,,
227,@setzejutges Aqu√≠ entre que no hi ha govern (hi ha un de transici√≥) i quw aviat i haur√† eleccions i sobretot que te‚Ä¶ https://t.co/esh9kZNiCl,tobcnwithlove,"9 B, SBD, North Korea, Ukkel",
228,"Vous imaginez @lenasituations nous sort ¬´¬†Les vlogs d‚Äôao√ªt sont annul√©s √† cause du #covid¬†¬ª 
Ce que les m√©dias diro‚Ä¶ https://t.co/mpnu2yQAVf",liviol25,,
229,Yung namatay ka sa puyat kaysa sa covid ampota https://t.co/Z03JEweaQ0,hi_itsmejin,Papunta na ako sayo,
230,El @ve_cne decidi√≥ extender el plazo para el Registro Electoral debido a las medidas de confinamiento ante el covid‚Ä¶ https://t.co/hKtD4tJfwQ,AryeliVera,,
231,@taller2006 @SilviaDomngue11 Cabeza de wey anda de luna de miel con sinhue en guanajuato aprovechando sus √∫ltimos d‚Ä¶ https://t.co/YTstUvsTXr,20_tiburon,,
232,"Se voc√™ est√° louco pela vacina contra a Covid-19, ap√≥ie a ci√™ncia e avalie o melhor candidato em 2022.",marciocamelo,Teresina/PI,
233,@KPRC2 I voted by mail for the first time during the primary and was glad I did. The ballot was LONG. I could not i‚Ä¶ https://t.co/tlrdfDPoFy,Fjet2020,"Houston, TX",
234,"Thank you @RachelBros for using your platform to amplify the dire straits that the theatre industry is in, due to C‚Ä¶ https://t.co/eiHtqTrrt2",caslk,USA,
235,@News24 @MbuyiseniNdlozi @BISouthAfrica We can live like this... This ANC is taking people for granted.. we need to‚Ä¶ https://t.co/EDQvYEvUvd,Ntate_Katlego,,
236,¬øSe dan cuenta que el Covid nos quit√≥ las pruebas de Costco para SIEMPRE? :(,lolatonica,M√©xico City,
237,@Jordan_Sather_ @BeachMilk Then why hasn‚Äôt cancer been found a solution? .... there‚Äôs not enough info on either COV‚Ä¶ https://t.co/4umN6u9EXt,mrdewsh,"Beautiful, Sunny LA",
238,COVID-19: Six New Cases Announced Monday https://t.co/Zm1NRFua33,SteinbachOnline,"Steinbach, MB, Canada",
239,"@PresidencyZA Mr President, remember what you promised the nation in March 2020 about Covid funds? Please revisit y‚Ä¶ https://t.co/cbDDFd7bKF",Stevo7710,"Cape Town, South Africa",
240,"On ne r√©fl√©chit plus... Il n'a pas tort. 

Covid-19‚Äâ: CharlElie Couture ‚Äúperd son sang-froid‚Äù contre cette ‚Äúvie de‚Ä¶ https://t.co/syLxD7VOgy",jbplantin,,
241,"Here‚Äôs the line up for Tuesday night AWAY at HARLESTONE.
Pate
CEO
@danclarke86 
@Phil1pa7 
Nutty
Pellet‚Ä¶ https://t.co/MBVV3rKHTH",ACSquirrelsCC,"Northampton, England",
242,"""We are each other‚Äôs best defence. We know what works ‚Äì through solidarity, ongoing vigilance and commitment to pub‚Ä¶ https://t.co/r2Q6ZmoOpO",k_nationalist,"County Kildare, Ireland",
243,"Second, take a look at the recent report @ASTHO and @_b_next wrote on contact tracing technologies. 

https://t.co/yMujfvAWtU",dylanbgeorge,"Washington, DC",
244,Fox Business reports that 20% of Americans are projected to delay taking Social Security. More @ https://t.co/HC8PFEIEYO,CinciRetirement,Cincinnati OH,
